{"Loss": 1.6381621956825256, "Train": 0.5753290595001155, "Valid": 0.5588778146917682, "Test": 0.5384852786865009, "_timestamp": 1679040143.073118, "_runtime": 18.708082914352417, "_step": 80, "_wandb": {"runtime": 18}}