{"loss": NaN, "Train": 0.52734550752106, "Valid": 0.444639977629251, "Test": 0.4456239909485518, "_timestamp": 1679033133.9698956, "_runtime": 207.95170664787292, "_step": 14, "_wandb": {"runtime": 221}}