{"Loss": 0.9252855181694031, "Train": 0.7323979283271572, "Valid": 0.7112654787073391, "Test": 0.6953480237845401, "_timestamp": 1679116779.664425, "_runtime": 765.8489987850189, "_step": 4808}