{"Loss": 1.4525856058129212, "Train": 0.5019935268021865, "Valid": 0.4664400808448887, "Test": 0.4666691085760013, "_timestamp": 1679035957.063315, "_runtime": 85.88376998901367, "_step": 7, "_wandb": {"runtime": 97}}