{"Loss": 34.538772598063346, "Train": 0.5, "Valid": 0.5, "Test": 0.5, "_timestamp": 1679038459.7481265, "_runtime": 48.26956653594971, "_step": 2, "_wandb": {"runtime": 48}}