{"loss": NaN, "Train": 0.5270997885888381, "Valid": 0.4450159171520735, "Test": 0.44586659043495597, "_timestamp": 1679032906.742981, "_runtime": 262.25104689598083, "_step": 18, "_wandb": {"runtime": 265}}