{"Loss": 34.538772598063346, "Train": 0.5, "Valid": 0.5, "Test": 0.5, "_timestamp": 1679036947.4114952, "_runtime": 39.325255155563354, "_step": 2, "_wandb": {"runtime": 43}}