{"Loss": 1.3900071133219984, "Train": 0.530669902770885, "Valid": 0.4394727706740481, "Test": 0.4402550121246052, "_timestamp": 1679035724.07055, "_runtime": 253.74858689308167, "_step": 21, "_wandb": {"runtime": 260}}