{"Loss": 1.4403846620996665, "Train": 0.5011947919616877, "Valid": 0.49982126324265386, "Test": 0.49926514420858126, "_timestamp": 1679038384.455331, "_runtime": 368.25590205192566, "_step": 16, "_wandb": {"runtime": 375}}