{"Loss": NaN, "Train": 0.4803477144418103, "Valid": 0.5430615525301972, "Test": 0.5420829868387521, "_timestamp": 1679037597.7560081, "_runtime": 211.11338019371033, "_step": 13, "_wandb": {"runtime": 225}}