{"Loss": 34.538772598063346, "Train": 0.5, "Valid": 0.5, "Test": 0.5, "_timestamp": 1679036375.588515, "_runtime": 38.27381896972656, "_step": 2, "_wandb": {"runtime": 44}}