{"Loss": 1.0278056859970093, "Train": 0.7031701872642703, "Valid": 0.6940836940836941, "Test": 0.6804518239614838, "_timestamp": 1679040259.6808932, "_runtime": 98.79926013946533, "_step": 500, "_wandb": {"runtime": 98}}