{"Loss": 0.9175878465175629, "Train": 0.7254263753422548, "Valid": 0.706433101781939, "Test": 0.6966853897907537, "_timestamp": 1679040698.2091691, "_runtime": 164.62765622138977, "_step": 500, "_wandb": {"runtime": 164}}