{"Loss": 0.852786511182785, "Train": 0.7424154121903211, "Valid": 0.7162992046712977, "Test": 0.7046684361047671, "_timestamp": 1679041681.3170824, "_runtime": 897.6284084320068, "_step": 2750, "_wandb": {"runtime": 897}}