{"Loss": 0.9530150890350342, "Train": 0.7258222363950253, "Valid": 0.7025403537031444, "Test": 0.6904512067156349, "_timestamp": 1679043093.6190977, "_runtime": 433.49575567245483, "_step": 1927, "_wandb": {"runtime": 433}}