{"loss": NaN, "Train": 0.5137759770932867, "Valid": 0.467113466142831, "Test": 0.46793303761283717, "_timestamp": 1679035275.0583375, "_runtime": 70.42368745803833, "_step": 5, "_wandb": {"runtime": 70}}