{"Loss": 3.6470043659210205, "Train": 0.0051022091245972664, "Valid": 0.002684653847444545, "Test": 0.0023249593646482727, "_timestamp": 1679040108.8644695, "_runtime": 17.56461262702942, "_step": 74, "_wandb": {"runtime": 17}}