{"Loss": 1.4850040854721376, "Train": 0.49995592967841457, "Valid": 0.500111280840869, "Test": 0.5001421573868132, "_timestamp": 1679037991.4765298, "_runtime": 350.79896879196167, "_step": 15, "_wandb": {"runtime": 365}}