{"Loss": 1.0491389036178589, "Train": 0.6954179083141817, "Valid": 0.686935803214873, "Test": 0.67160463345884, "_timestamp": 1679117912.79418, "_runtime": 179.25073194503784, "_step": 1959, "_wandb": {"runtime": 179}}