{"Loss": 1.4504032100951911, "Train": 0.4999999995360116, "Valid": 0.500000935602382, "Test": 0.5000149650367588, "_timestamp": 1679037356.9949203, "_runtime": 253.9391052722931, "_step": 17, "_wandb": {"runtime": 267}}