{"Loss": 1.3969520559915487, "Train": 0.5310925673532711, "Valid": 0.43296506039031135, "Test": 0.43428130779630286, "_timestamp": 1679036307.9638324, "_runtime": 299.7711844444275, "_step": 16, "_wandb": {"runtime": 304}}