{"loss": NaN, "Train": 0.4662489127905258, "Valid": 0.5655775866340905, "Test": 0.5646843278148375, "_timestamp": 1679034926.2183118, "_runtime": 914.9361038208008, "_step": 72, "_wandb": {"runtime": 923}}