{"loss": 1.4050653268286346, "Train": 0.4755410774840201, "Valid": 0.5276489259295023, "Test": 0.5267963030526164, "_timestamp": 1679035447.1478448, "_runtime": 99.690025806427, "_step": 8, "_wandb": {"runtime": 101}}