{"Loss": 2.654515504837036, "Train": 0.29478453062974896, "Valid": 0.30806402899426155, "Test": 0.27504475032405407, "_timestamp": 1679118846.0786319, "_runtime": 9.362703800201416, "_step": 66, "_wandb": {"runtime": 9}}