{"Loss": 0.8309656977653503, "Train": 0.7458352118406439, "Valid": 0.7137152253431324, "Test": 0.7009855358722713, "_timestamp": 1679042522.1934812, "_runtime": 759.9370121955872, "_step": 2188, "_wandb": {"runtime": 760}}