{"loss": NaN, "Train": 0.5315760476850429, "Valid": 0.4356138878124194, "Test": 0.43659215512787897, "_timestamp": 1679032621.0650978, "_runtime": 518.2190647125244, "_step": 36, "_wandb": {"runtime": 521}}