{"Loss": 1.3837696334121599, "Train": 0.5213204122530938, "Valid": 0.43917059585047047, "Test": 0.43974038339425275, "_timestamp": 1679036806.1292267, "_runtime": 235.68123364448547, "_step": 12, "_wandb": {"runtime": 249}}