{"Loss": 28.847410005723795, "Train": 0.5, "Valid": 0.5, "Test": 0.5, "_timestamp": 1679038664.6601336, "_runtime": 177.39395666122437, "_step": 8, "_wandb": {"runtime": 177}}