{"Loss": 34.538772598063346, "Train": 0.5, "Valid": 0.5, "Test": 0.5, "_timestamp": 1679037019.8063016, "_runtime": 59.796119689941406, "_step": 3, "_wandb": {"runtime": 68}}